2017-07-03 01:17:29,Words are Hard: Defining Common Terms in the Ethereum / Crypto Space
2017-07-12 15:49:41,"Welcome to r/Ethereum, the Reddit front page of the Web 3, read this to get started or ask questions."
2017-07-17 17:08:13,Coindash website HACKED! $5.5 mil gone!
2017-07-17 21:37:24,MyEthereWallet's epic ICO rant on Twitter
2017-07-17 19:00:19,How to Protect Your Cryptocurrency: Cold Storage and Paper Wallet Guide
2017-07-17 15:44:21,City of Zug adopts uPort for access to government services
2017-07-18 01:18:27,RootProject Announces its First Hire
2017-07-17 20:59:38,Securing the district0x Network Contribution Period - district0x
2017-07-17 20:09:36,"RAC, the artist who released the first album to be bought on ethereum, is doing an AMA right now"
2017-07-18 01:05:43,I think this post on Imgur deserves more attention. It looks to me like the Bitcoin maximalists are trying to keep it down.
2017-07-17 23:39:16,Introducing the Decentraland Team
2017-07-17 22:08:39,What is The Future Fate of Ethereum? [HuffPost]
2017-07-17 19:30:15,Grid+ - No Country for Private Blockchains
2017-07-18 00:04:31,CoinDash Attacker Takes Coins And Dashes
2017-07-18 05:06:45,Any gamers out there? 8 Circuit Studios: New game development team harnessing the power of Ethereum
2017-07-17 17:48:07,Coindash.io website has been hacked. Apparently $7MM from the ICO are gone.
2017-07-17 05:57:13,"William Mougayar‚Äè ""Now is the time for listed ICO projects to update us w/ credible progress reports. When market recovers, real projects will recover more."""
2017-07-17 20:35:51,Can one visit the EF office in Zug?
2017-07-17 13:32:07,First transaction with WALLETH on the main network
2017-07-17 22:25:20,"Has Delphi.Markets published a thorough description and analysis of their ""Pythia"" oracle? Has anyone critiqued it?"
2017-07-17 19:48:38,We need a Marketplace Smart Contract for ENS names
2017-07-17 15:00:34,"Melonport: A Vision for Satellite, the Melon Module Registry (#thatsnomoon)"
2017-07-17 23:18:18,"Tezos has finally moved some of the 361,121 ETH they collected during fund raising."
2017-07-18 02:27:05,The Etherian World: How did district0x come about?
2017-07-18 05:26:48,"In this video I discuss the true purpose of the DAO, what it was, and what you should be careful for because it is very dangerous"
2017-07-17 15:55:52,REX User Benefits Map
2017-07-17 16:34:55,"36 Tweets from Raval Navikant on Networks, Markets, and the future of Blockchains (and Ethereum)"
2017-07-18 05:01:42,The NUMBER ONE Reason I WON'T Use Coinbase
2017-07-17 18:01:18,üå∑ LOTOS - Decentralized Religion: Buddhism on Ethereum - Whitepaper Release
2017-07-17 19:36:35,Question on the timing of Ethereum rewards.
2017-07-17 19:24:52,"After spending time with 3 hardware wallets, I've settled on a favorite."
2017-07-17 16:04:00,PwC on board to advise openANX decentralized exchange platform
2017-07-18 00:06:57,Proof of Stake question about forks and decentralized power
2017-07-18 03:43:18,Ethereum Slack chat
2017-07-18 03:30:29,Syncing blockchain slow speed
2017-07-16 21:34:32,"Venturebeat.com: FunFair is making fair, transparent, and fast online casino games based on Ethereum"
2017-07-17 23:05:04,"Proximas Alpha: An Experiment in Decentralized Content Aggregation Using Ethereum. Also, I‚Äôm giving away ether."
2017-07-18 02:09:11,How blockchain is used in media and advertising - Digiday
2017-07-17 06:42:25,Blockchain Commons: The End of All Corporate Business Models
2017-07-18 01:32:58,On the way to smart and autonomous society
2017-07-18 01:14:16,Interesting article from a professional web developer in regards to smart contracts and how unreliable they are. Any comments?
2017-07-16 22:28:16,Long time lurker here! I just released a website that can Immediately search for the best crypto prices across multiple exchanges at once!
2017-07-17 13:17:15,"HR Services, our silent partner ‚Äì fundrequest.io"
2017-07-18 00:21:24,Every wallet looks fishy.
2017-07-17 10:25:50,A very well written article on The Merkle about Ether Cheque
2017-07-16 23:12:20,What's the status of Whisper? Is it still being actively developed?
2017-07-17 17:07:47,Why this group of people (r/ethereumfraud) keeps accusing ethereum of being centralized (among other things)? Thoughts?
2017-07-16 21:47:38,T-mobile hacking victims please read this and take action if you want to hold telco's accountable for protecting our private information
2017-07-17 02:03:49,Dr. Nicholas Adams Judge: Crypto-Priced High Quality ICOs as Shelter From the BIP 148 Storm
2017-07-17 02:35:22,3-letter ENS auctions started?
2017-07-17 18:57:15,IMPENDIT: The First Blockchain Solution to Improve Dining Experiences Worldwide - Whitepaper Release
2017-07-16 23:35:10,"Tamper-evident Ether 'paper-wallet' with gold centerpiece, functions like a piggy bank"
2017-07-17 00:11:28,I am doing the next round of revisions to the Mattereum whitepaper tomorrow - please read and make suggestions now :-)
2017-07-16 20:57:32,Billionaires Who Bet On Blockchains
2017-07-16 10:37:15,Is there someone who's been seriously working on Proof of Stake for more than a year that isn't optimistic about Proof of Stakes prospects?
2017-07-16 20:44:12,Functional alternative to ethereum by consensys?
2017-07-16 16:24:20,Unlocking the Potential of Ethereum and the Blockchain
2017-07-16 22:42:52,"I have an Ether question, I hope you can help."
2017-07-16 12:39:19,Mist having issues catching up
2017-07-16 10:58:13,RNG design differences - what SlotNSlot team's taking into consideration
2017-07-16 06:44:53,Ether-Backed zkSNARKs Tokens For Private Ether Transactions - Idea
2017-07-16 05:36:00,"The District Daily - July 15th, 2017 ‚Äì Updates from the district0x Network"
2017-07-17 15:05:03,Future you
2017-07-16 09:40:41,üí∏ DigitalCash - Crypto Markets Real-Time Table üëçüèª
2017-07-16 01:30:07,Why Decentraland Is Fighting Back Against Centralized VR Worlds
2017-07-15 21:06:26,Warning - Fake district0x website
2017-07-16 00:58:49,AltcoinXP - All About Ethereum - Uncles
2017-07-16 03:49:03,Bridging The Gap Between Economies
2017-07-15 18:53:42,What to learn before Solidity and programming Ethereum? Programmer explains.
2017-07-17 04:03:09,NEVERDIE - Get ready to live forever - ICO Live!
2017-07-16 02:45:20,#blocktalk with Swarm City Team
2017-07-15 19:30:45,Bootstrap a Blockchain career | Programmer explains
2017-07-15 19:10:12,"ENSListing Hits 1,000 Registered Post-Auction Ethereum Domains"
2017-07-15 22:07:22,"3 days remaining in ESE Moderation Election, please vote if you didn't already do."
2017-07-15 05:15:13,The Economist on blockchain as the next evolution of double-entry accounting
2017-07-15 20:20:19,I made a concert-style poster celebrating the Ethereum Homestead release
2017-07-16 20:21:34,I am formally requesting open discussion regarding overhead expenses changing from $600 Million April 20th to $4 Billion June 20th.
2017-07-15 14:45:09,REX Real Estate and the Blockchain
2017-07-15 08:46:29,Swarm integration (#2579) ethereum/mist@65a9fb3
2017-07-15 19:25:15,"Keep getting the error message: ""couldn't connect to node"" when using myetherwallet offline (newest github version)"
2017-07-15 19:47:58,Crypto Wall Street's Latest Little Secret: MASS Token | Markets
2017-07-15 18:29:02,Logistics for coin with no monetary value.
2017-07-15 10:15:11,Wasabi: Compile and Deploy smart contracts with ease
2017-07-15 11:58:03,What is a Blockchain informational video! Comments appreciated!
2017-07-15 03:57:01,FirstBlood Beta Launch
2017-07-15 08:30:04,Gnosis Is Now A Defunct Project. Delphi Goes For The Throat
2017-07-14 17:51:37,Smart Contracts Are The Future
2017-07-15 02:53:50,Genesis hasn't found a block since the end of February. Pure ponzi at this point?
2017-07-14 20:07:21,Updates from today's core developer meeting [Metropolis]
2017-07-15 23:06:40,simpleENS: QR-Code Authorization - No Need To Enter Private Key!
2017-07-15 16:45:56,"Aventus Announces new Head of Product, Andy Grant!"
2017-07-14 23:27:10,Virtual Economies Are Exploding: Here's What Is Next
2017-07-15 00:14:15,Building dapps on Ethereum - part 4: decentralised hosting using Swarm
2017-07-15 00:33:51,Augur is 2% away from its own SE site - please commit!
2017-07-15 02:23:49,FirstBlood.io Beta Launches!
2017-07-14 19:02:40,EEA Unveils New Technical Steering Committee and Seven New Working Groups
2017-07-15 01:58:37,"Rocket Pool ‚Äî A new twist on better ICO‚Äôs, introducing the Sales Agent contract."
2017-07-15 05:46:36,"Crypt0's News: July 14th, 2017"
2017-07-14 23:02:30,"The Dapp Daily ‚Äî July 14th, 2017"
2017-07-14 19:52:44,Purchase RAC's new album 'EGO' using ether from UJO Music's new artist portal!
2017-07-14 22:34:25,district0x Network Contribution Period FAQ ‚Äì district0x
2017-07-15 05:08:15,"Interview with the team behind District0x on their platform, partnerships, and ICO"
2017-07-14 08:17:04,The first album for download through the Ethereum network is now live!
2017-07-14 21:16:26,The Ceremony - Radiolab (story of zcash)
2017-07-14 18:05:25,"Announcing the first ENS community workshop (London UK, August 11-13 2017)"
2017-07-14 22:57:38,EEA - Rebooting the Technical Steering Committee
2017-07-14 20:41:32,How to rebuild Steemit using Ethereum? (A social media platform that rewards the crowd for their content)
2017-07-14 12:22:46,Enterprise Ethereum Alliances Unveils New Technical Steering Committee
2017-07-14 21:06:07,The 2nd Bit Hunt is on! Good luck and thanks for all the great feedback.
2017-07-14 21:02:09,CoinFund Q&amp;A with district0x livestream (starts at 1 PM).
2017-07-15 00:28:03,Open Sourcing Alpha For the DNN Community ‚Äì dnnmedia ‚Äì Medium
2017-07-14 12:06:33,Ujo's tech stack &amp; vision is amazing. The collaboration in decentralized tech is just starting.
2017-07-14 19:05:19,Are Private Keys vulnerable to Brute Force?
2017-07-15 22:07:41,Ethereum Millionaires Might Be Attracting Attention From Regulators
2017-07-14 08:56:39,[Live Stream] Ethereum Core Developer Meeting #20 in 9 hours!
2017-07-14 21:26:43,Block explorer for tokens?
2017-07-14 10:45:53,"Dr. Nicholas Adams Judge: ""You‚Äôve Missed the Most Important Part of Cryptocurrencies."""
2017-07-14 02:56:11,SunContract disrupts the energy sector with a new business model supported by the Ethereum Blockchain. Blockchain takes over the role of the ‚Äúmiddle man‚Äù so consumers get lower/more transparent rates on renewable energy.
2017-07-15 00:34:42,WINGS DAO members: Bancor BNT and ETH forecasting rewards can now be claimed
2017-07-14 14:43:47,WALLETH 0.17 with TREZOR support and more
2017-07-15 00:03:13,BlockChain in Online Video Games?
2017-07-14 15:23:29,REX Upcoming Events: July 2017
2017-07-14 16:41:23,"Coin Sheet - July 14, 2017"
2017-07-14 19:54:24,Are there ongoing discussion on multiplatform blockchain-based social content that could be accessed by commercial or open souce platforms?
2017-07-14 14:41:00,Aventus Alpha Released on Rinkeby TestNet!
2017-07-14 17:35:12,"Survey ‚Äì Sentiment around Blockchain after Q2 2017 (Bitcoin, Ethereum, ICOs &amp; more)"
2017-07-14 18:49:21,What blockchain means for media and entertainment
2017-07-13 15:42:51,My Ledger Nano S is finally here!!
2017-07-13 20:29:34,Ethereum Based EV Charging Stations Come to California
2017-07-14 14:39:44,Enjin is making their own token!
2017-07-14 11:33:14,"Real Identity, Real Information and Real Value"
2017-07-14 04:04:30,ASIC on Blockchain: Australia's Securities Watchdog 'Unlikely' to Regulate ICOs
2017-07-13 19:02:33,Payments Powered by 0x Project ‚Äì district0x
2017-07-13 23:07:19,Exploring the Possibilities: adChain + district0x
2017-07-14 03:33:42,A Former Politico Editor Is Using Ethereum to Help Fix Journalism
2017-07-13 20:09:53,FirstBlood Beta Starts Tomorrow For All PreSale Participants
2017-07-14 01:41:32,"An introduction to Ethereum, the history and the future"
2017-07-13 16:09:46,European Bank Revolut raises 66Millions and plan to add crypto-currencies accounts
2017-07-14 19:37:18,The MSP crowdsale is likely the closest most people will ever get to owning a stake in a crypto exchange
2017-07-14 04:30:55,How can MyEtherWallet create a Private Key while offline?
2017-07-13 22:25:27,Decentraland Community Vision Program
2017-07-13 19:39:47,Announcement: First Melon Manager Competition!
2017-07-14 10:52:30,A travel company (INNfinity) is planning to use a blockchain with smart contracts to facilitate flight bookings.. I wonder..
2017-07-13 19:05:32,"The Dapp Daily ‚Äî July 13th, 2017"
2017-07-13 16:18:37,The emergent Ethereum stack
2017-07-13 20:09:48,0x Development Roadmap
2017-07-13 18:59:13,REX Three Phase Approach 3/3
2017-07-13 23:51:29,"For those of you who use Coinbase and also have a separate wallet (hardware or otherwise). Since Coinbase is fully insured, why bother with a separate wallet?"
2017-07-13 17:54:54,"Its funny , cuz its true...."
2017-07-13 15:21:07,How to develop ethereum dapps in scala.js
2017-07-13 13:04:10,"Amir Taaki of Autonomous Polytechnics Group/Dark Wallet has joined Melonport's M-0 speaker lineup (17-18/10/17) alongside Dr. Gavin Wood, Johan Gervers, Joey Krug, KC Chng, Jorge Izquierdo, Loi Luu and many others!"
2017-07-13 07:35:57,Potential Bitcoin Network Disruption
2017-07-13 18:54:32,Why Use the Withdrawal Pattern?
2017-07-14 04:49:50,Wallet
2017-07-13 21:13:19,"TenX Dev update ‚Äî July 13th, 2017"
2017-07-13 17:56:12,Lampix Reveals their Whitepaper - Computer Vision Datasets on the Blockchain
2017-07-14 01:12:42,Goldman Sachs awarded a patent for SETLcoins
2017-07-14 00:09:20,Does Ethereum have an inflation rate? Or does it has a fixed supply like Bitcoin?
2017-07-13 15:53:43,A new hedge fund is changing the way money is managed‚Äîusing crowdsourced machine intelligence
2017-07-14 01:27:21,WRIO Internet OS. Early demo by Alexey Anshakov.
2017-07-13 18:36:51,FreeWallet.org Users See Outbound Transactions Redirected to Unknown Addresses
2017-07-14 04:33:51,"A cryptographic system which lets a person run an arbitrary program with a mixture of public and secret inputs and prove to others that this specific program accepted the inputs, without revealing anything more about its operation or the secret inputs."
2017-07-13 19:08:53,Cryptoeconomic Protocols In the Context of Wider Society [2014]
2017-07-13 18:29:10,Presearch Project - Taking on GOOGLE!!! | Urban Crypto
2017-07-14 06:23:02,Updated Roadmap and Invitation-only Alpha Signup
2017-07-13 13:33:07,Hodor! imToken 1.3.0 is released! ‚Äì ConsenLabs ‚Äì Medium
2017-07-13 20:01:10,The CryptoPunks have a new Mist/MetaMask interface that makes everything A LOT easier
2017-07-12 22:21:05,Critique of Buterin‚Äôs ‚ÄúA Proof of Stake Design Philosophy‚Äù
2017-07-13 10:51:36,EEVblog #1006 - Trezor Bitcoin Hardware Wallet Teardown
2017-07-13 12:27:28,Insurance policy as a smart contract. Fully automated process. Too good to be true?
2017-07-13 11:31:41,What sources do you use to get your latest crypto news ?
2017-07-13 11:14:43,"The ""App Store"" for smart contracts"
2017-07-13 16:02:12,How to use ERC20 tokens with the MIST GUI?
2017-07-12 16:41:21,"We are Gav Wood and Andreas M. Antonopoulos and we are writing ""Mastering Ethereum"". Join us in 20 minutes and ask us anything!"
2017-07-13 21:17:22,WINGS DAO AMA Webcast #4: ACT the Social Mobilization DAO on Ethereum
2017-07-13 08:07:59,Ether v Gas
2017-07-13 02:54:28,Whatever happened to stable-coins and ERC20 merchant tools?
2017-07-13 17:45:41,etherboard - our first dApp is live! ‚Ä¢ r/ethdev
2017-07-13 23:40:45,What's the Future of Ethereum - Current News and Tech info Blog
2017-07-13 04:32:38,Nuclear Missile Launch Control and other Killer Blockchain Apps for a New Country
2017-07-13 20:46:54,a candidate for smart contracts?
2017-07-13 04:06:37,Introducing the Decentraland Whitepaper--The Decentralized Metaverse is Here
2017-07-13 04:49:08,IBTimes UK: KyberNetwork promises decentralised execution and block-instant trades
2017-07-12 23:10:11,How we at Aragon plan to achieve transparency and inclusion for the community
2017-07-12 19:57:51,[Metropolis Related] Are there any dapps that rely heavily on a block time under 45 seconds?
2017-07-13 17:52:10,India's first ICO with least funding goal needs help. The tech is based on ethereum
